id,image_id,mos,brightness,contrast,colorfulness,sharpness,noise,was_resized
1,953417,6.112903118133545,0.35221049189567566,0.27509599924087524,0.23883746383693666,760.0098573295958,0.001574659219001076,False
2,953777,6.59375,0.4107474386692047,0.20850016176700592,0.14146189762308897,2644.495458780806,0.017252615406006425,False
3,953756,5.796875,0.40854376554489136,0.24347887933254242,0.060825271638978384,6425.180775759804,0.04592266406236745,False
4,954195,5.0409836769104,0.2548035681247711,0.17164647579193115,0.20843083627571973,2600.1199823685974,0.020288566205752905,False
5,953903,5.943548202514648,0.3027472496032715,0.22263427078723907,0.0,1390.1271053035978,0.011576073257850325,False
6,954222,6.579365253448486,0.45330575108528137,0.19977250695228577,0.13804746634211473,533.9028789214725,0.006780817165290745,False
7,953889,6.55384635925293,0.32609617710113525,0.17805932462215424,0.38409473250891857,2861.344632039299,0.018148797063724673,False
8,953844,5.9140625,0.2979908585548401,0.27164891362190247,0.195910446792757,2405.3262734244317,0.010216726658251287,False
9,954104,5.959349632263184,0.4613337218761444,0.2756882607936859,0.17416662162965224,9916.848095727653,0.0436028480884044,False
10,954229,5.653225898742676,0.2559962868690491,0.16688425838947296,0.0992014236954103,57.30156263723141,0.0025436802768478393,False
11,953550,6.746153831481934,0.32986897230148315,0.23049584031105042,0.3315320226555015,2137.950345397413,0.005491896074344142,False
12,953726,5.598360538482666,0.3167930543422699,0.18802663683891296,0.3229350058161021,988.5398550664581,0.00727169402729583,False
13,954228,4.821705341339111,0.356063574552536,0.17608411610126495,0.4276273473940726,258.1744069634331,0.009147154280151566,False
14,953750,4.831999778747559,0.5372217893600464,0.17513969540596008,0.37836395663343614,436.18956656206586,0.002768542395872453,False
15,954181,6.333333492279053,0.21774345636367798,0.1592509001493454,0.3799407391606373,1716.5267890590667,0.002493831080173387,False
16,954208,5.569230556488037,0.3960363268852234,0.15356597304344177,0.14607284482233454,233.16352777777777,0.0029134295066220663,False
17,953810,5.6953125,0.7707663774490356,0.24588768184185028,0.0,1131.2363041431263,0.009635700902519927,False
18,954187,5.360655784606934,0.44743821024894714,0.2697029113769531,0.31581758442153207,208.99113780989825,0.004663101647973333,False
19,953621,5.859375,0.4303027391433716,0.20338106155395508,0.15582460751968982,294.75713261109104,0.003663954778525994,False
20,953348,5.162601470947266,0.43285465240478516,0.27504804730415344,0.1373842798807835,692.379917905299,0.005173701895052393,False
21,953283,6.755555629730225,0.36007699370384216,0.2745380997657776,0.13787505687414764,688.4524880306949,0.005755580577687794,False
22,953092,5.879032135009766,0.45188990235328674,0.1882874220609665,0.23319913970988254,1290.096628125,0.006910641370240142,False
23,953751,6.103174686431885,0.35930243134498596,0.14917747676372528,0.48457660136610514,429.6987581207019,0.006168812671054773,False
24,954112,5.644628047943115,0.5474309325218201,0.19150923192501068,0.20395835021468017,1357.8678232319794,0.003988515290899491,False
25,954117,5.848484992980957,0.43287724256515503,0.22081680595874786,0.25127820754276486,4619.922087895726,0.006201268722292127,False
26,954116,5.541984558105469,0.134974405169487,0.07351081818342209,0.28613378176035764,227.6467552893529,0.006908311130603283,False
27,953821,6.0757575035095215,0.30771613121032715,0.2530624568462372,0.04806906498304915,1045.0018205134859,0.006151419525617712,False
28,954105,6.023255825042725,0.13145825266838074,0.13478533923625946,0.0202929867350417,1076.4044874890642,0.0032681158305960787,False
29,953019,4.365853786468506,0.03810124099254608,0.06917326152324677,0.056821444743956166,741.1373763351579,0.013475292989224825,False
30,953780,5.041666507720947,0.48892131447792053,0.22585217654705048,0.020736621201482473,548.0573633753368,0.002591199233885432,False
31,954186,5.409836292266846,0.30663514137268066,0.2962758243083954,0.2998450288009876,1741.8942918180746,0.0033029021214702908,False
32,954119,5.689393997192383,0.30171552300453186,0.20671388506889343,0.0,1160.5581572565402,0.004237136888442882,False
33,954063,5.5615386962890625,0.4432707130908966,0.25821053981781006,0.24839677663081525,815.426663367333,0.004258566127324834,False
34,954121,6.115384578704834,0.554625391960144,0.2468010038137436,0.4331166842736013,1381.6994650277452,0.005582585702060075,False
35,954066,5.129770755767822,0.23318010568618774,0.23110660910606384,0.453936128783033,31.96662608906667,0.004179756238868309,False
36,954125,5.0879998207092285,0.5506012439727783,0.33383533358573914,0.06010297563797169,9168.180049724579,0.027894286593205506,False
37,954067,6.78518533706665,0.3670813739299774,0.134322389960289,0.37189015376756385,1568.7899372968593,0.006071444517342743,False
38,953582,5.943548202514648,0.4790024757385254,0.11335048824548721,0.1838082115364752,977.2211359234174,0.0018082179107441942,False
39,954013,6.75,0.3267118036746979,0.2461366504430771,0.4605692692872014,2558.3298774954014,0.0036488918727257407,False
40,954069,5.098360538482666,0.48130953311920166,0.22731363773345947,0.04973577109124489,2188.482670654117,0.008590740929842926,False
41,954071,5.455999851226807,0.1968947947025299,0.18295516073703766,0.0755715989154976,365.92201831685975,0.001444835014051643,False
42,954225,5.5625,0.4606708884239197,0.2252824455499649,0.1933276360310104,507.96236410615205,0.005522021885944628,False
43,954124,6.1052632331848145,0.26326048374176025,0.1524105817079544,0.1696027569049956,415.5199842963131,0.0027123268661163064,False
44,954218,5.604838848114014,0.40339362621307373,0.16129042208194733,0.26575479275757014,372.3390125265849,0.004834078476878576,False
45,953577,5.616000175476074,0.5379054546356201,0.15672791004180908,0.3586157015631103,1030.9309832781057,0.005182398467770888,False
46,953985,5.686567306518555,0.3910245895385742,0.24545766413211823,0.4484638166820595,668.1012703941371,0.002413856071898426,False
47,954141,5.709677219390869,0.2372177690267563,0.14620816707611084,0.26010442235722675,2029.5962229061433,0.0036900444966816407,False
48,954118,6.234848499298096,0.5141996741294861,0.2663632333278656,0.1361841079901034,1399.4133501436295,0.005374804535558125,False
49,953901,5.984251976013184,0.39654362201690674,0.20318536460399628,0.4060147835505301,216.9640031465103,0.0026149587124042386,False
50,953794,5.190476417541504,0.1784193217754364,0.1473836451768875,0.1570162678525255,1645.4502315512011,0.0015810255520827424,False
51,953853,5.333333492279053,0.4532625675201416,0.18965637683868408,0.035497470678825,679.8014533779008,0.0026387181909230946,False
52,953757,5.9384613037109375,0.10439085960388184,0.15985439717769623,0.13490764227592617,2638.4538858925766,0.008249411657861187,False
53,954130,5.590163707733154,0.44967806339263916,0.2541881799697876,0.20882434185869786,3720.6455802220594,0.00939577587769496,False
54,953994,5.25600004196167,0.5982781052589417,0.321174681186676,0.0,494.2834467248439,0.004457962914022741,False
55,954180,5.58474588394165,0.5791256427764893,0.19823484122753143,0.19680186434561966,1624.8503256653912,0.003520232787594785,False
56,954014,4.966386318206787,0.5283415913581848,0.23763097822666168,0.0,4709.753448844112,0.03234432220957423,False
57,954092,6.484615325927734,0.301411509513855,0.24422404170036316,0.35364765081239014,5153.9545338753,0.01961102522321341,False
58,954226,4.099173545837402,0.6758096218109131,0.4320201575756073,0.07101463127503323,103.9994130677138,0.003067013190090288,False
59,953946,5.927999973297119,0.30506646633148193,0.19582688808441162,0.0,1475.5845699178128,0.007072921626426905,False
60,953334,5.17460298538208,0.47032666206359863,0.34932219982147217,0.02360564903626855,2679.7234840154097,0.009097305083477154,False
61,953126,5.573643207550049,0.09202145040035248,0.19018514454364777,0.21733880803755962,334.4792224090251,0.002614958712404245,False
62,953245,4.685483932495117,0.40964820981025696,0.31743165850639343,0.31751741254737464,4092.1874509267814,0.0066944758239341024,False
63,954122,5.2578125,0.3189229965209961,0.262896329164505,0.34308928684435397,5668.843890648908,0.013438176458713763,False
64,954227,5.785714149475098,0.32307004928588867,0.3053417503833771,0.11595921294883779,2565.833506612492,0.00410731268349348,False
65,953097,7.389312744140625,0.21745483577251434,0.19242973625659943,0.08360343380906425,2022.8301420476816,0.017074960051104995,False
66,953965,5.261904716491699,0.17295853793621063,0.19490669667720795,0.35542833958774633,632.8801452380694,0.004159492119804796,False
67,954002,6.441860675811768,0.34742364287376404,0.1853209137916565,0.2245755846055597,2300.3720496740993,0.004842775049597129,False
68,953327,5.44444465637207,0.45108896493911743,0.28368887305259705,0.12382563673400626,5727.957245751599,0.01732932359590118,False
69,954052,6.069767475128174,0.521587073802948,0.23699742555618286,0.27921171600053835,1306.5104060537737,0.00700567928431534,False
70,954224,6.2076921463012695,0.3587431013584137,0.1682785153388977,0.2893776474317701,1192.5127002042088,0.006966856899996272,False
71,953863,6.123076915740967,0.13262538611888885,0.2317124307155609,0.04541171618756719,459.6879246839623,0.005545781364463438,False
72,953918,5.4079999923706055,0.6129313111305237,0.10863984376192093,0.37288645748061383,98.05652181640318,0.00677212059257219,False
73,953933,5.162790775299072,0.5464383363723755,0.23307496309280396,0.09489605533422169,269.6368260886258,0.001840673961981538,False
74,953630,5.282258033752441,0.5387296080589294,0.257264643907547,0.25868588180485497,1644.900616456714,0.007280390600014418,False
75,953004,4.7419352531433105,0.42340418696403503,0.25979164242744446,0.1391829931287619,325.8089797207163,0.004366961093392282,False
76,953935,5.703125,0.922045111656189,0.09724187850952148,0.04801866405541128,433.9484249978994,5.2145167714936936e-33,False
77,954219,5.729508399963379,0.5016579031944275,0.2598978579044342,0.3774345753583096,1346.8996223513454,0.004697887938847495,False
78,953977,5.527559280395508,0.25748977065086365,0.1766667515039444,0.0,1615.425345147038,0.014549297305523094,False
79,954048,5.28000020980835,0.5565962791442871,0.14366555213928223,0.23216701469522336,222.1536618325015,0.0013561634330581298,False
80,954183,5.373983860015869,0.17691203951835632,0.21934333443641663,0.12016571606108756,1588.5122443157509,0.005915842787152129,False
81,953715,4.729323387145996,0.3846529424190521,0.2571394741535187,0.4546596042067761,34.681769749820226,0.003616435821488403,False
82,953955,5.532258033752441,0.20716595649719238,0.16974444687366486,0.08456259846091042,1599.9209104008733,0.005013751878502432,False
83,953785,6.728682041168213,0.3157012462615967,0.21415886282920837,0.3642281414213336,2104.103936658193,0.012318526342864478,False
84,954012,5.4296875,0.33639416098594666,0.19724927842617035,0.11934064333958022,1371.19975478545,0.00614738343217287,False
85,953856,4.89393949508667,0.43690025806427,0.17744503915309906,0.07633653719248773,10.186429189578993,0.0019618015942124262,False
86,954127,6.242424011230469,0.3068523406982422,0.20915819704532623,0.16775602437428944,3798.080283254494,0.014519712227912174,False
87,954206,5.270491600036621,0.5811619162559509,0.3502490222454071,0.4434365386711072,722.4218742267218,0.003610069488406673,False
88,954055,5.6991868019104,0.47693660855293274,0.29605546593666077,0.20522482542107606,1795.0931350276305,0.008731591947147706,False
89,953981,4.714285850524902,0.28363198041915894,0.38153666257858276,0.01810655166963276,335.2607163389562,0.003235659779358739,False
90,954007,5.961240291595459,0.17390219867229462,0.2653590142726898,0.5464743104746973,187.80383732521258,0.0015398729281268398,False
91,954216,5.719696998596191,0.45082059502601624,0.226826012134552,0.02812939779514017,1306.8055817375837,0.010696888900815377,False
92,953824,6.487804889678955,0.48865801095962524,0.22145475447177887,0.12597625068291035,1572.4050476837701,0.004254530033879991,False
93,954176,5.492063522338867,0.7874770760536194,0.19065046310424805,0.21088800547679726,90.75446137134293,0.0013561634330581428,False
94,953123,6.346774101257324,0.32989346981048584,0.24623635411262512,0.21375056082152408,2593.933144680138,0.014444314047071617,False
95,954133,4.983333110809326,0.7481534481048584,0.3770757019519806,0.0,439.85094664001986,0.0013561634330581825,False
96,953934,5.190082550048828,0.2893528938293457,0.29724159836769104,0.0,719.2893235834542,0.012589825950947523,False
97,953560,5.320000171661377,0.4313521087169647,0.2938896715641022,0.18629334444197074,2691.8265589275647,0.010992488721406825,False
98,953979,6.8661417961120605,0.3487420976161957,0.277360200881958,0.2568790525544553,7756.412791289039,0.024412731300693935,False
99,954179,5.6744184494018555,0.4070282280445099,0.24170394241809845,0.00942399165703504,7460.122453997779,0.029201849601246943,False
100,954126,5.625,0.7056792378425598,0.13054496049880981,0.3808473714368688,91.10665327363034,0.002753479490072217,False
101,953802,6.031496047973633,0.2396344691514969,0.2844535708427429,0.21233564274257785,16636.424258131246,0.015163007653567017,False
102,954217,5.753968238830566,0.48279330134391785,0.308967649936676,0.0468735248962653,1679.6237408208372,0.004615582690935701,False
103,954131,5.292683124542236,0.37245431542396545,0.31653544306755066,0.09942453780419369,3374.428866821886,0.008550837077544721,False
104,953356,5.492063522338867,0.2309134304523468,0.16448749601840973,0.12191415506163575,6377.287011102272,0.0401070604025538,False
105,954169,6.451128005981445,0.7069726586341858,0.0813673585653305,0.09501678012731452,1128.554889443652,0.0015897221248013108,False
106,954200,4.943999767303467,0.07609566301107407,0.1979351043701172,0.31657031916136014,651.6706517888894,0.008545552212442178,False
107,954220,5.111999988555908,0.3348934054374695,0.2488270252943039,0.2035536604801358,866.1357443757684,0.005811796107443948,False
108,954143,5.4296875,0.4715638756752014,0.25184863805770874,0.43240606423188255,1131.4493533045038,0.008566981451324104,False
109,954123,5.547618865966797,0.5256485342979431,0.2338663786649704,0.32360501840005756,655.0386116830734,0.005351045057039333,False
110,953113,6.161538600921631,0.28527694940567017,0.17739714682102203,0.08081722648405529,429.5853855800856,0.003551523719013692,False
111,954223,5.383458614349365,0.6199325919151306,0.3030999004840851,0.26753083306847736,2010.9669147985094,0.004036034247937065,False
112,954043,5.354330539703369,0.42762869596481323,0.2192867398262024,0.3359321797738052,473.57762401831,0.003746260026437806,False
113,954022,5.451612949371338,0.620042085647583,0.12363483011722565,0.328572316111792,159.97682519003047,0.001734609235550938,False
114,953730,6.150793552398682,0.4034508764743805,0.16730926930904388,0.3419588959593912,820.4849202692095,0.006231394533892628,False
115,954212,6.224806308746338,0.43486836552619934,0.12090964615345001,0.22662001443584806,279.86822155171825,0.0042307705553611885,False
116,953945,6.032258033752441,0.4348246455192566,0.12073387950658798,0.3776560353218906,433.8462470670741,0.005418287399150901,False
117,954096,4.8984375,0.8288857936859131,0.2736636996269226,0.142269603594608,1810.2435379910753,0.0015873918851644268,False
118,954076,6.5234375,0.1393015831708908,0.17516537010669708,0.19210484848082693,5241.501968321294,0.023225755190893805,False
119,954178,6.02419376373291,0.4956930875778198,0.3085107207298279,0.1166475645028072,3165.4592633077814,0.012562487461134144,False
120,954196,6.300000190734863,0.3513346016407013,0.15696369111537933,0.01905165710140971,330.91091391001817,0.0020267136966870907,False
121,953961,6.620154857635498,0.5495383143424988,0.1522843837738037,0.292242223120575,2708.0785332527344,0.0059978358421494855,False
122,954214,5.798387050628662,0.4754791259765625,0.32344087958335876,0.19659352481519746,1563.381767982691,0.003616435821488412,False
123,954203,5.4720001220703125,0.14195957779884338,0.29393070936203003,0.0,426.2430830223881,0.0019594713545755416,False
124,954198,5.952755928039551,0.5232439041137695,0.25156208872795105,0.0,8051.415814674282,0.04288429937114475,False
125,954011,5.793388366699219,0.3880617618560791,0.1813473403453827,0.4001723984316796,429.18760023374244,0.00479758633219637,False
126,953816,7.3125,0.3670702576637268,0.1911788284778595,0.25314955385599447,2283.4251501483773,0.01679962434957706,False
127,954191,5.496062755584717,0.5208226442337036,0.24961717426776886,0.06361613276657314,89.69186265963066,0.001388619484295532,False
128,954188,7.1519999504089355,0.29719725251197815,0.16832704842090607,0.3219486932052089,472.4970955810939,0.004730343990084835,False
129,953923,5.27419376373291,0.33516737818717957,0.2342536598443985,0.1612308399075694,5479.064993005268,0.03052564063490702,False
130,953089,5.888000011444092,0.22892826795578003,0.20084448158740997,0.35868226880778736,2076.6862851778837,0.0010252365876029501,False
131,953401,5.770992279052734,0.36239346861839294,0.2156977653503418,0.14479061588910963,6423.082237846988,0.03667728870159983,False
132,771289,5.5789475440979,0.28427359461784363,0.2129104733467102,0.06477877828049318,1735.733757637273,0.01292462158616898,False
133,770869,5.825301170349121,0.3837689757347107,0.22039277851581573,0.10565191180689464,7251.394492438457,0.02997480192817258,False
134,770556,5.567251682281494,0.40010958909988403,0.24929066002368927,0.140740491008607,159.2376684087976,0.0014488711074964972,False
135,770300,5.981818199157715,0.19786860048770905,0.21064531803131104,0.3676870583945124,1151.7430677035109,0.003746260026437792,False
136,771576,5.49397611618042,0.1479201316833496,0.16996729373931885,0.1169545996531812,868.4122376436152,0.007061894814071489,False
137,770637,5.876470565795898,0.48988041281700134,0.25588321685791016,0.24343180794540284,2832.1594559029113,0.011705897462799661,False
138,771245,5.056250095367432,0.44837191700935364,0.28770017623901367,0.3680484882833034,7244.653102132448,0.013948776705792837,False
139,771518,6.046783447265625,0.36695146560668945,0.19003355503082275,0.330277784521678,4957.219546181894,0.026405199440496404,False
140,771439,5.402366638183594,0.44457581639289856,0.35309410095214844,0.2695577766120248,1893.8717946753902,0.00779906303398314,False
141,771182,6.227544784545898,0.32961899042129517,0.19060423970222473,0.22993621689474453,2595.9772225999523,0.007988057394154388,False
142,771082,5.2484846115112305,0.29234784841537476,0.21931013464927673,0.42416726799303683,1373.2712290070867,0.00882259376777809,False
143,770779,5.435582637786865,0.3523137867450714,0.24662645161151886,0.12878553580557758,2723.003966837859,0.007922520905850853,False
144,771609,6.44444465637207,0.2741692066192627,0.2268667072057724,0.09972383158563579,2404.3997954517763,0.011473503890874965,False
145,771252,5.666666507720947,0.14074115455150604,0.2160719335079193,0.18290114411524613,2463.7190066369335,0.019638196409348167,False
146,771392,4.949999809265137,0.5642085075378418,0.2331201136112213,0.34920331836991947,3907.3494444444445,0.007790990847093437,False
147,771538,5.7602338790893555,0.6946444511413574,0.32355907559394836,0.16622338729290345,801.8042969230444,0.0020829292264432386,False
148,771530,5.8385090827941895,0.25222915410995483,0.27140313386917114,0.07455077796598193,3252.8936692508646,0.008204222940460444,False
149,771628,5.341614723205566,0.544133186340332,0.3237789571285248,0.03500327870044565,11716.345089637412,0.02411681928718809,False
150,771109,5.460122585296631,0.43794217705726624,0.1664082109928131,0.3918281774356721,4493.460515250995,0.011768479325637501,False
151,771346,5.831325531005859,0.23874816298484802,0.2982719838619232,0.39799005301347923,2910.2359722222222,0.005487547787984888,False
152,771355,5.650306701660156,0.5547173619270325,0.27931031584739685,0.04526416036208507,10175.268973470986,0.04946401389592978,False
153,771541,5.860465049743652,0.5955607295036316,0.3601061999797821,0.104031506203908,2872.9729357987762,0.0227780489995671,False
154,771257,3.4634146690368652,0.2913190424442291,0.27543842792510986,0.07131247608803422,626.7953662199377,0.006337459260323233,False
155,771637,5.963855266571045,0.5462750792503357,0.19278323650360107,0.3197811803158624,4301.169922699859,0.0064696137049095005,False
156,770394,5.670731544494629,0.4339979290962219,0.40411555767059326,0.27620993737622296,4376.3861116495,0.008033246111555136,False
157,770632,5.988372325897217,0.1991572231054306,0.1645675152540207,0.1447195535079086,2385.8364186421873,0.01829322709232406,False
158,771582,4.786585330963135,0.3851715922355652,0.17929108440876007,0.36255417907865417,320.53621694551015,0.0034866116165389893,False
159,771269,5.131249904632568,0.38127338886260986,0.2016383856534958,0.2165936802177083,2320.647346923359,0.010812815319782988,False
160,770911,6.169590473175049,0.45161178708076477,0.31293928623199463,0.15810059057635956,10333.488908621139,0.028504440344397586,False
161,771351,5.928994178771973,0.05210826173424721,0.08702600747346878,0.14275554133235818,720.1874389045076,0.0027923018743912426,False
162,771268,5.793939590454102,0.22942516207695007,0.2534760534763336,0.10248821162907039,4695.579825751674,0.003988515290899493,False
163,771596,6.476470470428467,0.3703164756298065,0.3100748360157013,0.15118012004266917,5396.614795505354,0.0053336519116022165,False
164,771123,5.199999809265137,0.5929927229881287,0.2780183255672455,0.00023690561211695972,3431.5538596780075,0.02314811042225567,False
165,770826,5.876543045043945,0.4242379367351532,0.3385123312473297,0.02513249117146065,12444.084988841332,0.04864763994280787,False
166,771583,6.473372936248779,0.25805991888046265,0.22928893566131592,0.043059322858365036,412.6240325392125,0.0025175905586921907,False
167,771189,4.720497131347656,0.492199569940567,0.27572759985923767,0.2757453988622832,13999.320703562982,0.0463259508113582,False
168,770891,5.5542168617248535,0.35527873039245605,0.19000841677188873,0.0,435.57148909982806,0.002712326866116279,False
169,771084,5.201183319091797,0.24055802822113037,0.13470780849456787,0.24000775704693264,1499.6936880677388,0.0039473626669435805,False
170,771436,5.186747074127197,0.2501565217971802,0.271850049495697,0.18524549535179724,2793.7010545718567,0.009988681372685854,False
171,771430,6.136904716491699,0.5594431757926941,0.22686707973480225,0.02704889046186799,3373.334105471127,0.012160282180122604,False
172,771603,4.896969795227051,0.36348143219947815,0.25269266963005066,0.14588789679065445,4574.666347226742,0.021219389265109526,False
173,771522,5.2682929039001465,0.23943902552127838,0.18416409194469452,0.2116788158900512,967.3903224932347,0.00698658028507024,False
174,771213,6.67251443862915,0.2393617182970047,0.2662052512168884,0.27583440476612375,5789.282945547059,0.02289599346525703,False
175,771648,4.981927871704102,0.38688215613365173,0.22249770164489746,0.34200106155380305,1160.8370466867652,0.005777009816569743,False
176,770992,6.254335403442383,0.3357996344566345,0.3351701498031616,0.0,8840.819413507632,0.04031290717417262,False
177,771647,4.603658676147461,0.3202334940433502,0.3013448715209961,0.3871094091948277,332.64085604050877,0.0030021010876155555,False
178,770696,5.072727203369141,0.2356521189212799,0.21885842084884644,0.25861157976831994,3070.190403170959,0.017235450801644445,False
179,770993,5.785275936126709,0.1904619038105011,0.11678759753704071,0.0314161723635003,973.760624999769,0.007942244290924787,False
180,771309,5.218181610107422,0.4064231216907501,0.26324307918548584,0.40940912412394415,2650.0066270056113,0.011645645839598678,False
181,771520,4.853658676147461,0.3125776946544647,0.24647189676761627,0.21378239604438584,1333.3938767986476,0.01745448732157689,False
182,770642,4.378881931304932,0.5001353621482849,0.13864834606647491,0.26145100299182633,851.3600339892195,0.00983276744958077,False
183,771571,5.859550476074219,0.3681059777736664,0.19873957335948944,0.21196162315702552,3501.071059291851,0.011264869797469048,False
184,771529,5.261904716491699,0.34921205043792725,0.1493866890668869,0.2786494684476207,2842.263055544495,0.026865950490900996,False
185,771185,5.246913433074951,0.8650689125061035,0.14988146722316742,0.047804244534052756,3608.635908286172,0.003663954778525986,False
186,770897,6.930635929107666,0.3529456555843353,0.1786581128835678,0.1876357033616804,3775.7160516049553,0.01214288903468548,False
187,771047,4.854545593261719,0.40549787878990173,0.20588423311710358,0.1304387143708171,1218.2273579121572,0.01377609402307957,False
188,770684,5.1273884773254395,0.6182173490524292,0.36576294898986816,0.09721702954011695,1608.0030943327145,0.003359033999387163,False
189,771443,4.804878234863281,0.6520833969116211,0.2745956480503082,0.00034668836681358764,1553.5024240140597,0.011049328636991845,False
190,770185,4.435582637786865,0.20871423184871674,0.2582310736179352,0.0,2673.04917312818,0.01603403617187292,False
191,771459,6.3173651695251465,0.4498695135116577,0.19967053830623627,0.3379081706019834,2716.7074379168903,0.00989131321897376,False
192,771234,5.599999904632568,0.12031828612089157,0.18228068947792053,0.3621845847604014,707.2404798320588,0.015769727282700405,False
193,771046,5.913793087005615,0.10055504739284515,0.2138412594795227,0.2882901760364328,645.4936266772528,0.015994817942800155,False
194,770638,5.595238208770752,0.3151521384716034,0.25007733702659607,0.501296613358945,1432.2563748625241,0.005586933988419336,False
195,771452,5.2049689292907715,0.34535449743270874,0.24202904105186462,0.02653769822983336,3434.8945770981604,0.028029707856171912,False
196,770004,4.891428470611572,0.41482165455818176,0.2778034210205078,0.2901413081069846,15832.015671231455,0.07884204153934524,False
197,771483,5.070967674255371,0.3676210343837738,0.17773637175559998,0.03634051094358644,662.7063842355316,0.00951690350992584,False
198,771602,6.4375,0.3013748526573181,0.1961943656206131,0.22054990568166527,1516.1254639960675,0.012697284338271718,False
199,771404,4.337209224700928,0.36493340134620667,0.1977979987859726,0.32132809643413063,926.4071525219478,0.004957536348746331,False
200,771254,5.716867446899414,0.6380782127380371,0.22937838733196259,0.31984032699014514,6129.500186358722,0.005625756372738366,False
201,770916,6.063953399658203,0.31628093123435974,0.13312143087387085,0.29250893809234124,2568.2332284621903,0.005504628740507536,False
202,771227,5.012422561645508,0.374187171459198,0.2510116994380951,0.14399080291214006,13716.066094390293,0.05376358775797466,False
203,771466,6.271084308624268,0.12467249482870102,0.0912216529250145,0.08509529662995767,359.6980340728085,0.002842151071065696,False
204,771296,5.479768753051758,0.40170758962631226,0.3624568581581116,0.07755872749456919,320.5580281986532,0.003912576376069424,False
205,770927,5.474999904632568,0.3003765046596527,0.1774480789899826,0.28076443383102745,1120.199921090846,0.00356022029173227,False
206,771300,6.217647075653076,0.2617384195327759,0.24582761526107788,0.07908181068688439,5346.285900669823,0.021160447650962765,False
207,770486,6.959537506103516,0.41777846217155457,0.20806318521499634,0.30234249380783,3002.086560454106,0.010057317375690962,False
208,771624,5.70059871673584,0.5287424921989441,0.2673218250274658,0.059424736159961314,270.2532529612494,0.004189617931405228,False
209,771533,5.4146342277526855,0.42120561003685,0.27419963479042053,0.0,2013.4583146138657,0.013412086740558072,False
210,771233,6.621301651000977,0.16592848300933838,0.12089940160512924,0.25352888998163076,1461.8879617604239,0.004157161880167941,False
211,771652,5.220238208770752,0.5238951444625854,0.21973097324371338,0.16319051762395329,1300.8358147034428,0.002890127110253571,False
212,771030,5.588235378265381,0.32198774814605713,0.24886038899421692,0.19385360963350184,1251.0927163317976,0.0030258605661343733,False
213,771229,5.751479148864746,0.3789450526237488,0.2713331878185272,0.021075282083007605,2896.226203624324,0.007526681957920903,False
214,770238,6.206060409545898,0.48789793252944946,0.31459927558898926,0.0,11299.344462086337,0.03247664395783914,False
215,771203,5.2215189933776855,0.27139726281166077,0.2693197727203369,0.16097801487340624,2148.267764813645,0.003443753138775084,False
216,769857,5.457831382751465,0.056159719824790955,0.15835757553577423,0.07699449983383959,1408.758146802996,0.003938666094225041,False
217,771342,6.282208442687988,0.25800326466560364,0.2493991255760193,0.38507245222513253,6966.053255555556,0.006635930054541095,False
218,771186,4.48427677154541,0.34595727920532227,0.1915191411972046,0.056981862684249034,7159.8652114177785,0.041530633481402124,False
219,771438,5.176100730895996,0.35586926341056824,0.22295916080474854,0.5489776734462791,3806.6302417071984,0.007832143471049343,False
220,771399,7.16201114654541,0.24541224539279938,0.17798283696174622,0.0,1127.1081279945242,0.008123935739271046,False
221,771027,5.378881931304932,0.4092620313167572,0.2840040922164917,0.042080785060276724,6988.418664948226,0.014731300946783814,False
222,769958,5.934911251068115,0.6407522559165955,0.2563541829586029,0.11918060563337851,5821.813691306369,0.007563798488432038,False
223,771308,4.496969699859619,0.2757408916950226,0.1477266550064087,0.2986219520998529,1365.0787879062211,0.0022840318669490396,False
224,771645,5.083870887756348,0.3259401321411133,0.19650809466838837,0.0,3787.422698104146,0.014677872738814773,False
225,771451,5.634146213531494,0.15154144167900085,0.1647322177886963,0.1652254716269143,4181.152037388671,0.009062518792602925,False
226,770768,5.276073455810547,0.545052170753479,0.3265955150127411,0.1044739353473047,5699.028382523864,0.021544261970397462,False
227,771131,4.870370388031006,0.5146203637123108,0.19340041279792786,0.15776911849365757,8166.208033979745,0.0465828731368664,False
228,771634,5.477011680603027,0.4597702920436859,0.2321847528219223,0.2740883230282404,6309.257666432548,0.013934795267971705,False
229,770926,5.16564416885376,0.4429164230823517,0.2699727714061737,0.455268442374514,4918.465632366699,0.0032942055487517204,False
230,771556,5.871165752410889,0.513447105884552,0.30540841817855835,0.0,6635.31477657716,0.02358306153297629,False
231,771425,3.8881988525390625,0.29847005009651184,0.2837751805782318,0.05333187349658754,379.8560484516662,0.0026236552851227873,False
232,769959,4.842424392700195,0.5130688548088074,0.23697727918624878,0.09063679096378849,3905.7450044915327,0.021115030392486866,False
233,770809,5.5061726570129395,0.4126293659210205,0.29738515615463257,0.3384845011737261,17969.594087758447,0.05372536734504168,False
234,771463,5.757575988769531,0.4299145042896271,0.3403749167919159,0.056373998008019816,12999.002418434862,0.021581980472294596,False
235,771184,4.572327136993408,0.5229827761650085,0.29406774044036865,0.0,476.34157935355626,0.0045935290662248605,False
236,771547,6.526315689086914,0.2432931810617447,0.22019213438034058,0.2114908678435516,5612.526652554787,0.03709129007003154,False
237,771524,5.198757648468018,0.5776466727256775,0.23064985871315002,0.0,2875.0746325187188,0.007189388779384028,False
238,771163,6.315789699554443,0.6584706902503967,0.27712830901145935,0.12840422647296987,7463.91793173324,0.0018406739619815382,False
239,771408,5.6626505851745605,0.3658180832862854,0.2437640130519867,0.1171202402044923,5222.636426268326,0.01782548532300893,False
240,770938,5.159763336181641,0.4250962734222412,0.24811899662017822,0.19032599590766264,9844.825995754889,0.03676874760438046,False
241,771572,5.131736755371094,0.509634256362915,0.2694012522697449,0.16570215219741982,3880.788884090806,0.020059667993283466,False
242,771400,5.118750095367432,0.39707979559898376,0.25414326786994934,0.2374309406336826,1097.9587598273304,0.004377987905747705,False
243,771585,5.3214287757873535,0.3956828713417053,0.286382794380188,0.1716377817068323,4183.407511813786,0.023957638545702875,False
244,770942,5.7633137702941895,0.5137034058570862,0.2503155767917633,0.1958303746682361,4908.512902565153,0.02270731129800022,False
245,771650,5.306250095367432,0.39160141348838806,0.24069057404994965,0.171278214872592,914.8179597999308,0.004765130280959027,False
246,770900,5.4210524559021,0.4278325140476227,0.23334495723247528,0.38664698046383195,3254.193160121584,0.004027337675218544,False
247,769987,5.702531814575195,0.4457326829433441,0.22333891689777374,0.4098551346267566,4034.7856189649165,0.0097614890140244,False
248,771111,6.760478973388672,0.5411655902862549,0.2706466615200043,0.14672702097727297,3769.045699292722,0.009631664809074998,False
249,771039,5.636363506317139,0.7392398118972778,0.2758754789829254,0.1168437917201064,569.2151418471966,0.0028009984471098147,False
250,771238,5.164705753326416,0.4479076862335205,0.16434404253959656,0.0,2081.5985188975433,0.007338936369407422,False
251,771447,5.604790210723877,0.26442795991897583,0.1542518436908722,0.16950649092920766,1091.383014609556,0.009331716702124286,False
252,770854,6.9548020362854,0.12451478838920593,0.1228407546877861,0.21881992998438377,1127.5442834145788,0.006438863507480126,False
253,771347,5.53125,0.3152048587799072,0.22589117288589478,0.01134963411069095,384.55871796585507,0.0031319252925650163,False
254,771376,5.360465049743652,0.6158558130264282,0.37341126799583435,0.07928058202712937,907.439394138867,0.004555331067734665,False
255,771401,5.802469253540039,0.4317181408405304,0.300236314535141,0.0,647.9931392891039,0.0026149587124042434,False
256,770904,5.694117546081543,0.27344581484794617,0.2402612566947937,0.13415053882777414,261.564135801791,0.002139144756199411,False
257,769730,4.780488014221191,0.0655871257185936,0.19401606917381287,0.07800050645532598,778.3874841139695,0.005924227166956247,False
258,771455,5.34375,0.3757387101650238,0.20405295491218567,0.11448110833434336,1138.2965825916422,0.015985039902102465,False
259,770560,5.4242424964904785,0.2921104431152344,0.23165670037269592,0.05326924241006993,4165.4943189080395,0.02519562897199588,False
260,771651,4.142857074737549,0.14514543116092682,0.21865569055080414,0.22360741189732747,6213.633671216294,0.02439610743032153,False
261,771107,5.060975551605225,0.49503418803215027,0.2590565085411072,0.08304387194257482,14241.855529549757,0.061383913969077226,False
262,771549,5.4938273429870605,0.2529894709587097,0.17178331315517426,0.10971488344886828,1436.1736753642786,0.012502235837933216,False
263,771149,5.99397611618042,0.17880821228027344,0.18579120934009552,0.22983070948091208,3480.454075307014,0.026351314150377104,False
264,771005,5.846590995788574,0.38814058899879456,0.1486295908689499,0.0,3026.0854890656465,0.004989992399983637,False
265,771474,4.321212291717529,0.6455487608909607,0.19810143113136292,0.0,92.64054769138941,0.001790824765307096,False
266,771593,6.059171676635742,0.4538227617740631,0.28485506772994995,0.2272369883423467,4277.592821441602,0.015955767017405934,False
267,770608,4.842767238616943,0.5893853306770325,0.19429871439933777,0.10732084581294972,710.4236135176815,0.0055892642280561886,False
268,771536,5.644970417022705,0.41624367237091064,0.24683299660682678,0.37261143601643976,7662.707575953848,0.008498657641233478,False
269,771172,5.942196369171143,0.5686085224151611,0.2717539966106415,0.0,4018.5433678154855,0.004068490299174483,False
270,771457,5.358024597167969,0.21562178432941437,0.16155382990837097,0.0,2192.4160250789905,0.0073841250868081345,False
271,770989,5.690908908843994,0.33957818150520325,0.30259743332862854,0.21597916874833717,6331.56012062781,0.021809340134634675,False
272,771249,5.188679218292236,0.3645045757293701,0.2007046639919281,0.2957762492829203,3364.2274000542525,0.019093517909063093,False
273,769801,4.512345790863037,0.6530293226242065,0.26041144132614136,0.13353100604830526,3154.3492174976514,0.0031620511041654674,False
274,771320,5.994011878967285,0.38760054111480713,0.2600174844264984,0.19144181164061722,3207.724247695727,0.018984582209006073,False
275,770568,5.496894359588623,0.42116236686706543,0.2990288734436035,0.04547621393589794,1416.8570241793564,0.008909559494963614,False
276,770649,6.139664649963379,0.3534398674964905,0.14340351521968842,0.2727516676659617,3588.3565484909504,0.005699365047931604,False
277,771605,5.358024597167969,0.260059118270874,0.20780132710933685,0.23790754789166338,624.5987249381349,0.002759845823153891,False
278,771108,5.1913580894470215,0.3587631285190582,0.21080811321735382,0.2742311296943465,3946.051375030136,0.005625756372738375,False
279,771397,5.917159557342529,0.5211679339408875,0.29344838857650757,0.262920507895351,1769.7519883747784,0.003060646857008605,False
280,771148,5.131736755371094,0.2546737492084503,0.2680385410785675,0.23361956382172372,3787.2512361911836,0.020483302513177034,False
281,771601,4.146198749542236,0.2139182686805725,0.19290974736213684,0.5774331875874618,2478.3991108748974,0.009315800869420009,False
282,770875,6.382352828979492,0.31437814235687256,0.20807583630084991,0.27509241657374217,4958.150888413778,0.017171703818988165,False
283,771653,5.882716178894043,0.3540762662887573,0.28592321276664734,0.15693965412983213,267.14629901652404,0.003625132394206918,False
284,771557,5.233129024505615,0.10620898008346558,0.1313164234161377,0.06383618551326233,2931.721818996409,0.0029221260793406457,False
285,771429,4.579617977142334,0.5417529344558716,0.3731521666049957,0.24386994190144212,1306.9599069075196,0.003899843709906,False
286,771570,5.327160358428955,0.4345993995666504,0.19380931556224823,0.23466167718870243,1903.615998403038,0.009458129199457708,False
287,771294,5.865030765533447,0.4437330663204193,0.2888033390045166,0.0,3818.5837447587737,0.01521945172439832,False
288,770690,6.121387481689453,0.503178596496582,0.40380725264549255,0.2918097116492063,4921.765617160527,0.012243128162023933,False
289,771500,5.939393997192383,0.23786313831806183,0.2353043556213379,0.07145391856993641,1449.6709341903293,0.00526873980912753,False
290,770671,4.533742427825928,0.5389205813407898,0.24665841460227966,0.20608792170795354,4948.545987155241,0.02218778593712749,False
291,769736,5.372670650482178,0.3453301191329956,0.2587639391422272,0.09878323210297002,923.7062382832511,0.004819015571078336,False
292,771202,5.400000095367432,0.2501445412635803,0.20793688297271729,0.3764405197888768,747.078574541558,0.005184728707407695,False
293,771632,5.361445903778076,0.20675203204154968,0.3121885359287262,0.08265714907200133,1527.548553638379,0.005366107962839597,False
294,771626,6.271676063537598,0.5840317606925964,0.31567373871803284,0.045225935666959954,6619.304861111111,0.005534297469957756,False
295,771584,5.733333110809326,0.40741685032844543,0.2905648946762085,0.19044402445353079,12646.66519401589,0.03692505737223923,False
296,771411,5.478787899017334,0.5867267847061157,0.2956981360912323,0.06157953018059448,5924.950935137546,0.003913825147727107,False
297,771516,5.703488349914551,0.588109016418457,0.21395310759544373,0.2390466845430294,2050.521234250837,0.0015984186975198332,False
298,770538,6.270114898681641,0.42914363741874695,0.24450182914733887,0.26393034630680545,3355.801168342368,0.016998396750445996,False
299,771122,5.068749904632568,0.39107248187065125,0.24787773191928864,0.3714284491552648,3849.4541874379893,0.005134879510733313,False
300,771589,6.327272891998291,0.10727600753307343,0.16818992793560028,0.24758048529098914,4541.5151103534945,0.004118339495848901,False
301,771545,4.469511985778809,0.3936616778373718,0.21458561718463898,0.1984827321742777,116.56267500799436,0.002809695019828333,False
302,771523,5.47560977935791,0.5842648148536682,0.24927860498428345,0.04186411805621867,611.7064867724868,0.011279308317440456,False
303,771508,4.689441204071045,0.32414510846138,0.23369622230529785,0.20108766666913155,1236.6566979319377,0.007848912230657581,False
304,771323,5.952940940856934,0.30505692958831787,0.22543860971927643,0.05866246021688172,2078.641527586257,0.01601601864060696,False
305,771502,5.16167688369751,0.703727662563324,0.29862409830093384,0.07560753743000809,3138.8653686692546,0.004464329247104344,False
306,771625,5.536585330963135,0.2882431745529175,0.32959073781967163,0.1696807625147388,1260.6530916408126,0.008947133107624886,False
307,771616,6.035928249359131,0.5697994232177734,0.3059014081954956,0.05433010613345182,2459.6662265048776,0.010760635883471667,False
308,770437,5.233129024505615,0.4933614432811737,0.3585531711578369,0.11555554695812909,683.1047266561824,0.0055933003215010504,False
309,771627,5.683544158935547,0.39955970644950867,0.3257598876953125,0.18046944025103534,4652.492906188994,0.00867367056358362,False
310,771642,5.662499904632568,0.20021185278892517,0.2897854745388031,0.13916127931375852,7654.648979781116,0.027598084801227978,False
311,771497,5.658682823181152,0.34971821308135986,0.21443688869476318,0.1328791980820966,5531.947195111026,0.028829457938921374,False
312,930504,5.814207553863525,0.5551930069923401,0.2360551357269287,0.17306352979591738,3017.8285046396845,0.0063786118842791804,False
313,930322,5.389473915100098,0.381557822227478,0.16547942161560059,0.027449317052745628,1041.0008705874204,0.011186600643002068,False
314,930473,5.3212432861328125,0.3199300765991211,0.19568291306495667,0.15890722236970425,2859.8512827007503,0.019372806052196555,False
315,930811,5.634831428527832,0.4181307256221771,0.2937168776988983,0.16573772664869837,2788.73617892107,0.022743574901607267,False
316,930657,5.360655784606934,0.3146938681602478,0.20203644037246704,0.13448383556555607,1191.6537300159034,0.009963985315423739,False
317,929988,4.973261833190918,0.4270203113555908,0.3605366349220276,0.03756796903141811,1391.0734858999167,0.008037282205000015,False
318,930455,5.691099643707275,0.31878170371055603,0.20674355328083038,0.20112288646288257,423.8072544586328,0.00413340240164914,False
319,930060,6.139037609100342,0.3061755299568176,0.2131420224905014,0.10925350842543083,1738.9202974607279,0.008487006443049144,False
320,930705,5.683060169219971,0.2040693759918213,0.24168196320533752,0.010491385787847822,9224.773802391112,0.007175407341562928,False
321,930493,5.695652008056641,0.17174242436885834,0.2640382945537567,0.04919339982005506,1512.5252430171838,0.004165858452886489,False
322,930747,5.928961753845215,0.26385265588760376,0.18975745141506195,0.17873654144559595,2116.2711764098863,0.00967281743303089,False
323,930073,5.263736248016357,0.3893827199935913,0.26530230045318604,0.15891467815675328,8789.422650782413,0.03268155415071463,False
324,930709,6.2406415939331055,0.13211369514465332,0.13575518131256104,0.19890190015385437,4338.201108305542,0.008487318635963624,False
325,929897,6.224043846130371,0.43081727623939514,0.26154083013534546,0.1829199502281303,4647.4818687131665,0.02063594961790191,False
326,930695,5.167567729949951,0.3338327407836914,0.178263857960701,0.13081791445743576,3213.3009806020223,0.015213313932391767,False
327,930465,5.55494499206543,0.47162649035453796,0.29744836688041687,0.20759943876637352,3003.802521848346,0.01979550399334679,False
328,930674,5.052356243133545,0.3672615885734558,0.19363465905189514,0.28551789842539377,6038.552029879719,0.019046227493100594,False
329,930324,4.994594573974609,0.6828023195266724,0.22458386421203613,0.0,907.4053293724853,0.0027123268661162843,False
330,930717,5.751351356506348,0.46274375915527344,0.2414018213748932,0.1057312188764804,1555.3905849892792,0.011545947446249738,False
331,930165,5.022857189178467,0.2897842526435852,0.25298386812210083,0.19097679762301562,2078.679493971671,0.003842234519256293,False
332,930790,3.5999999046325684,0.24374397099018097,0.2106490135192871,0.34781218573168904,43.278319521282995,0.0028096950198283396,False
333,930425,4.978609561920166,0.43455126881599426,0.34129318594932556,0.46663860588229245,4082.5009748472185,0.017137998996093064,False
334,930638,4.792553424835205,0.4748099744319916,0.3732016980648041,0.0,236.2305876032094,0.002907063173540471,False
335,930194,6.396907329559326,0.36859115958213806,0.27751466631889343,0.2854629658339932,1167.0926532388762,0.009288005297456405,False
336,930499,6.276923179626465,0.3099037706851959,0.29136720299720764,0.0676212333167868,4040.9498112390834,0.007647352508001506,False
337,930694,4.766666889190674,0.6219039559364319,0.23272453248500824,0.14425193002160525,2150.5679849843755,0.0023251844909049457,False
338,930219,5.8097825050354,0.5674483776092529,0.23394474387168884,0.24056155252037503,7416.072674712145,0.03600650989689579,False
339,930293,5.637837886810303,0.48364773392677307,0.24495702981948853,0.2401120027537691,4350.147583945474,0.020127679610459744,False
340,929995,5.867021083831787,0.22955776751041412,0.20944945514202118,0.16470184975045168,119.36120504073713,0.002115073084766144,False
341,930734,5.142045497894287,0.4481443464756012,0.3114410936832428,0.22186164824512603,2016.0449118942731,0.0023014250123861496,False
342,930217,4.33695650100708,0.235982283949852,0.26555973291397095,0.0,16539.505764277088,0.04403311630540849,False
343,930299,5.3879780769348145,0.3205382525920868,0.20916138589382172,0.13493043217521553,791.2899716752275,0.006655341246700602,False
344,930336,5.1366119384765625,0.5844810009002686,0.32026201486587524,0.1720361022956388,6364.513058623786,0.012611712271979802,False
345,930436,4.920634746551514,0.2137107253074646,0.19397668540477753,0.06337992262787762,1277.800372730744,0.008816227434696393,False
346,930532,6.07608699798584,0.23243238031864166,0.21692568063735962,0.18328551267388787,1508.5857138805097,0.0038262350347127425,False
347,930095,5.551351547241211,0.19938069581985474,0.24918760359287262,0.031775797828921246,2906.9790076399377,0.015033640530767896,False
348,930636,5.247252941131592,0.483286589384079,0.24913392961025238,0.13938389858553168,418.40708067749995,0.004109642923130328,False
349,930494,4.480446815490723,0.3702176511287689,0.3126773238182068,0.16191963742586568,1370.971435338686,0.0033266615999890847,False
350,930808,5.4590163230896,0.42630529403686523,0.2774117588996887,0.24116092524944754,2736.566512359515,0.007648433975980633,False
351,930225,5.935828685760498,0.3058396279811859,0.25253868103027344,0.0,749.2851851389732,0.002348943969423742,False
352,930104,5.639784812927246,0.43933501839637756,0.2647598087787628,0.14670142071300019,3134.7948076923076,0.012169290945755556,False
353,930254,6.636363506317139,0.7972365021705627,0.22274386882781982,0.017843847157768045,7347.030547021163,0.031217224292664204,False
354,930212,5.355191230773926,0.5405189394950867,0.29210352897644043,0.17264349796874537,1345.8868144964943,0.008550524884630354,False
355,930596,5.518324375152588,0.3987427353858948,0.14589296281337738,0.0,879.7288685756868,0.0031730779165208525,False
356,930286,5.6720428466796875,0.18970440328121185,0.2435792088508606,0.19923416581808656,1137.393492434789,0.0049401432033091865,False
357,930767,5.2406415939331055,0.18235741555690765,0.21443748474121094,0.3072567331348474,1879.3851182942908,0.010327680405030716,False
358,930632,4.809523582458496,0.24780194461345673,0.2528289556503296,0.17359939375309205,144.58775714573605,0.0025564129430112404,False
359,930759,5.23655891418457,0.5396531820297241,0.3815555274486542,0.029016076489554052,549.2558826246834,0.002778944822398995,False
360,929932,4.65217399597168,0.45541366934776306,0.324018657207489,0.3498856045381692,136.56234631216952,0.0022927284396675796,False
361,930639,6.079365253448486,0.3077806234359741,0.23288103938102722,0.16810262537258455,5087.963795553308,0.018316049992099584,False
362,929914,4.55747127532959,0.4192924499511719,0.19566026329994202,0.3921212548347296,169.23947394730362,0.001808217910744179,False
363,930390,6.562162399291992,0.29891252517700195,0.2144434154033661,0.025527058855900876,5306.6578713330055,0.018921147419264213,False
364,930735,4.092391490936279,0.08559489250183105,0.16355855762958527,0.04284541736801788,97.84223292397128,0.002632351857841346,False
365,930476,6.21875,0.3258177638053894,0.21681272983551025,0.2463646911078392,5529.96648313081,0.025907331859580756,False
366,930756,5.848648548126221,0.34706220030784607,0.2402188628911972,0.12389515390262165,8167.2283442521475,0.032223300643625497,False
367,930021,5.7593584060668945,0.4935847222805023,0.27195408940315247,0.2311133256504408,5359.569977397245,0.012451762255429821,False
368,930379,6.268421173095703,0.4582241177558899,0.22127331793308258,0.15868019985828916,2713.420349223996,0.008147154483800316,False
369,930770,5.711340427398682,0.26902836561203003,0.24156777560710907,0.25107480810093924,3172.6295255967475,0.017309600210827256,False
370,930542,5.82608699798584,0.22942174971103668,0.23660294711589813,0.07595930799144786,2006.300142555008,0.011260209318195338,False
371,930236,6.632124423980713,0.7362176179885864,0.14680396020412445,0.03743328319467949,1123.4791324101095,0.00535337529667619,False
372,930698,5.263736248016357,0.41780269145965576,0.2132415771484375,0.3620948743176486,2856.458696806233,0.00855976219133846,False
373,930761,5.042780876159668,0.455831915140152,0.20537611842155457,0.5975456247983955,270.15102211619524,0.001752002380988033,False
374,930703,5.711340427398682,0.28107237815856934,0.27853938937187195,0.09270079011360986,1916.1362718029316,0.0032617494975143886,False
375,930809,5.839378356933594,0.47240573167800903,0.23845678567886353,0.0,1061.040577844537,0.0017195463297506883,False
376,930732,4.301675796508789,0.06189976632595062,0.0640946552157402,0.03377066574895069,63.19540418409923,0.0010489960661217465,False
377,929777,5.306878089904785,0.2601388692855835,0.2477693408727646,0.5580490785477454,1157.4134678541172,0.004135732641285996,False
378,929936,6.326315879821777,0.2935974895954132,0.21585890650749207,0.09228184145153205,676.95505476819,0.004280619752035665,False
379,930531,4.6978020668029785,0.5794098973274231,0.1718568354845047,0.1775956497026068,4252.007982969161,0.0315285114048847,False
380,930065,6.144330024719238,0.29007411003112793,0.18915408849716187,0.2717828057029793,2711.9362324324597,0.014810027183401043,False
381,930692,5.259459495544434,0.5369151830673218,0.2505045533180237,0.09096760725615033,3836.52234192082,0.019250513300147275,False
382,930805,5.3279571533203125,0.45581623911857605,0.29715877771377563,0.07446089339492046,9552.904833409422,0.02946971508727117,False
383,930433,5.299435138702393,0.3512971103191376,0.3089083731174469,0.2366283170647765,1665.6453687341268,0.012642462469409123,False
384,930247,5.408602237701416,0.5159916281700134,0.21643397212028503,0.21404286986353327,1348.3342899363247,0.005891771115718886,False
385,930403,4.829787254333496,0.5976084470748901,0.21812012791633606,0.14512868100674756,7072.080763433433,0.034616413099867405,False
386,930626,5.920212745666504,0.6783681511878967,0.3469407260417938,0.08874305743391278,5249.624620451748,0.005338312390875933,False
387,930248,5.77419376373291,0.3885590732097626,0.27586591243743896,0.0,4201.622585618124,0.02114748644372427,False
388,930802,5.65217399597168,0.6836424469947815,0.1856502890586853,0.0,213.07445549719952,0.0024202224049801263,False
389,930716,4.941799163818359,0.5862048268318176,0.29299396276474,0.05337071101344078,27.19231973345936,0.003767689265319721,False
390,930723,6.03804349899292,0.24556027352809906,0.2159092128276825,0.1467811989126554,7165.628663719955,0.034891581497716734,False
391,930665,6.5806450843811035,0.2919561564922333,0.15820252895355225,0.3224356728909035,1459.9144717941772,0.006125017614547601,False
392,930389,4.054054260253906,0.3891220986843109,0.2393764704465866,0.2233344135419663,241.32701447033864,0.002348943969423726,False
393,930456,6.2887701988220215,0.21357735991477966,0.22328734397888184,0.21993461033709794,2227.6696050581572,0.009862893261181277,False
394,930707,5.406593322753906,0.23381651937961578,0.251151978969574,0.2754326191646125,1094.8257930826499,0.004771496614040741,False
395,929918,4.938547611236572,0.5555412173271179,0.28642144799232483,0.11615773199854043,380.1039901325886,0.002721023438834845,False
396,930387,5.556149959564209,0.3874059021472931,0.25734519958496094,0.1985857152666409,5221.220657724774,0.010494621140491203,False
397,930696,5.2282609939575195,0.8111904263496399,0.2601931691169739,0.205265591804487,723.9424856037006,0.00037207946941112156,False
398,930401,6.547872543334961,0.330642431974411,0.2456541508436203,0.12352837266045255,8741.60638402764,0.04972877986725252,False
399,929781,6.345945835113525,0.13232597708702087,0.18242286145687103,0.18906580400351608,1329.5669926264204,0.007409902612049325,False
400,929970,6.304123878479004,0.21518759429454803,0.29405850172042847,0.0,1282.645323437497,0.01585328130226999,False
401,930594,5.6847825050354,0.5641257762908936,0.28588566184043884,0.0,1173.088265696615,0.006054051371905635,False
402,930623,4.139664649963379,0.3851613998413086,0.2670751214027405,0.2706332391302342,1119.8469715164774,0.010879433276065678,False
403,930235,5.743455410003662,0.4254194498062134,0.21559448540210724,0.518594765883164,2455.8937004555755,0.01628436362322432,False
404,930590,4.719576835632324,0.47821637988090515,0.3702477514743805,0.0671960999407773,4118.969058419607,0.015445791156155774,False
405,930430,6.391534328460693,0.3851100504398346,0.13944360613822937,0.26738934527376845,2542.9526289236146,0.010898532275310756,False
406,930773,5.671957492828369,0.35378000140190125,0.297434002161026,0.3418364459337116,620.6039754645567,0.003811172128912505,False
407,929981,4.714285850524902,0.3011503219604492,0.1998906135559082,0.4769463944717574,291.39489381828133,0.004455632674385809,False
408,930647,5.42553186416626,0.7541049122810364,0.2514200508594513,0.07777134087609902,975.463857585841,0.0011139081685964487,False
409,930407,4.821621417999268,0.43181976675987244,0.4241075813770294,0.04351033204634297,158.08461360859744,0.001849370534700102,False
410,930799,3.96195650100708,0.5103868842124939,0.2442505955696106,0.08047238487993282,395.28196322476816,0.00565417633053089,False
411,930472,5.978723526000977,0.31525102257728577,0.2707017958164215,0.1824242292218412,4884.48335072704,0.01295599616942722,False
412,930741,5.782383441925049,0.4741295576095581,0.32395607233047485,0.0,13061.077939580458,0.01787610379474797,False
413,930783,5.5136613845825195,0.3566729724407196,0.31021952629089355,0.5287459896930173,2488.3051627385917,0.012215561131135437,False
414,930233,5.395604610443115,0.43190670013427734,0.2430431842803955,0.2446671862320824,1454.1105569156207,0.00508099422061399,False
415,930446,5.276836395263672,0.2866802215576172,0.21603572368621826,0.21650193396959733,1820.6686150110183,0.002567439755366642,False
416,930644,5.846994400024414,0.2874128222465515,0.1932692974805832,0.13618470687629036,1132.4686088413873,0.008703796375184094,False
417,930771,4.966480255126953,0.3010237514972687,0.1575898677110672,0.020431895916849095,570.0296337391649,0.01112401878016423,False
418,930444,5.894444465637207,0.12965787947177887,0.15680886805057526,0.06844412480023453,2341.601407263427,0.014876645139683717,False
419,929810,6.1049723625183105,0.39678341150283813,0.23944811522960663,0.28763993214564704,5410.0491929789905,0.020949795510834406,False
420,930306,5.44505500793457,0.7739650011062622,0.27453961968421936,0.2139858595848557,449.7019887429644,8.667873964648028e-34,False
421,930711,6.036458492279053,0.15612173080444336,0.18239916861057281,0.16477271840726457,540.0989683188208,0.002478768174373145,False
422,930660,6.356756687164307,0.3866437077522278,0.2192879021167755,0.0,1481.435229833151,0.008552542931352741,False
423,930445,5.505434989929199,0.2503758668899536,0.29276078939437866,0.3951743369811591,3005.850864520958,0.002585998020622185,False
424,930435,6.155080318450928,0.3347741961479187,0.1876525729894638,0.2139215291611012,4197.485631023694,0.021676020570229982,False
425,930600,4.93684196472168,0.29705366492271423,0.18037018179893494,0.19506832445675518,2901.1260786055486,0.01170589746279968,False
426,930258,3.9152543544769287,0.5942402482032776,0.3667008578777313,0.17322871740370044,6001.668809660436,0.016860500358606895,False
427,930737,5.10614538192749,0.20065708458423615,0.2838546335697174,0.04008798415636049,2159.3687459415582,0.002787953588031968,False
428,930727,5.23655891418457,0.2819072902202606,0.23712469637393951,0.11734302425197048,11132.576370755747,0.03117902629417399,False
429,930785,5.139664649963379,0.37237656116485596,0.2983011305332184,0.3169954261726907,4229.384790399996,0.01062700412615257,False
430,930789,5.92553186416626,0.24838489294052124,0.15897078812122345,0.2536846290498238,493.6983176479512,0.0027471131569904925,False
431,930758,5.733333110809326,0.3682522773742676,0.1649019867181778,0.1513599463984685,1579.0545636275444,0.012937521556010986,False
432,930602,4.851648330688477,0.3157508075237274,0.13575156033039093,0.0,1444.4126728084702,0.018019597244604148,False
433,930004,5.462766170501709,0.14317284524440765,0.14767929911613464,0.2613216357946142,1503.1164520126085,0.013169831476096414,False
434,930742,5.381215572357178,0.4191914498806,0.2892121374607086,0.084958012431742,89.74922008424775,0.0012674918520647108,False
435,930240,4.95108699798584,0.3043351173400879,0.19002193212509155,3.0509796783078883e-05,2608.785923188358,0.0021802973801552943,False
436,929957,5.556149959564209,0.4532899260520935,0.31500834226608276,0.29841270045857493,1903.8028497029047,0.011037677438807611,False
437,929843,5.760416507720947,0.5020356774330139,0.28729042410850525,0.0,11747.231203907882,0.046570809685417526,False
438,930650,6.0,0.6552310585975647,0.19377437233924866,0.16360463699248168,4685.167440206423,0.008736252426421393,False
439,930662,5.1164021492004395,0.5749760270118713,0.2538697421550751,0.12079420958652443,8125.0833251723925,0.02134921347005891,False
440,930630,4.174863338470459,0.5021024346351624,0.23140652477741241,0.3290360782997787,1083.2297814212932,0.005565504749537369,False
441,930753,4.914893627166748,0.27598199248313904,0.18499402701854706,0.16564476761033958,1184.7795175262631,0.011811962189230288,False
442,930373,3.6105263233184814,0.33365797996520996,0.20375338196754456,0.2563754157176076,15.429662163304236,0.003746260026437779,False
443,930769,5.400000095367432,0.34114891290664673,0.20311209559440613,0.0,2543.249607079898,0.019986059318090204,False
444,930040,6.641414165496826,0.5659288167953491,0.2959662973880768,0.23623254742266755,3483.0303752107925,0.006263850585129977,False
445,930411,5.262295246124268,0.13392530381679535,0.23099559545516968,0.11360491621886525,1874.6216942081624,0.0031208984802095774,False
446,930587,5.869110107421875,0.4188928008079529,0.21350370347499847,0.20334400709024966,5914.4255157709085,0.017761883229588476,False
447,930329,5.494736671447754,0.3812733292579651,0.3049885630607605,0.1906243835356322,1300.5792379106495,0.008575678024042679,False
448,444094,5.309523582458496,0.3400149643421173,0.28398409485816956,0.2890330455809289,2926.4024121755924,0.011874856244982537,False
449,444771,4.373205661773682,0.3286530375480652,0.19258497655391693,0.26224726989673486,462.42178389739445,0.002963278703296535,False
450,445231,6.354838848114014,0.3751904368400574,0.32463228702545166,0.18679472729206104,4997.249840691427,0.023578111275230962,False
451,445317,5.473933696746826,0.3847235143184662,0.2377922683954239,0.6292357936648562,280.22034509980017,0.0021629042347181913,False
452,444309,5.402843475341797,0.4335591793060303,0.3195163905620575,0.2547964501830832,4306.790593224868,0.011785872471074646,False
453,443745,6.0,0.3942268490791321,0.305375337600708,0.18155424331586067,3515.248855751324,0.0024938310801734358,False
454,444029,6.260089874267578,0.4933621883392334,0.23025745153427124,0.08891594075505739,1696.218781693712,0.007784624514011729,False
455,445235,5.490291118621826,0.33111652731895447,0.19296474754810333,0.6510567238983924,1995.3048523197335,0.0036662850181628363,False
456,443262,4.892018795013428,0.38790637254714966,0.12857528030872345,0.21570351793247622,938.5375688242733,0.004092249777693221,False
457,444465,6.619266033172607,0.5553118586540222,0.1737956553697586,0.4807250358010379,1095.5631079905756,0.0019293455429750309,False
458,442503,5.402843475341797,0.3614580035209656,0.3248194754123688,0.008750812042544806,4073.865686703309,0.002712326866116336,False
459,445067,6.316037654876709,0.658688485622406,0.1332685649394989,0.050483447842064766,2227.539800197475,0.020832163238058875,False
460,444887,5.807511806488037,0.29949837923049927,0.31803038716316223,0.19558510132078305,2747.8577406997983,0.002474107695099428,False
461,445144,5.507176876068115,0.8062868714332581,0.21402454376220703,0.22256231407318866,1383.7325096553802,0.0044081137173482,False
462,444245,4.88725471496582,0.017542891204357147,0.09697162359952927,0.1390716800035332,192.65300912785122,0.005564880363708515,False
463,444200,5.189573287963867,0.40151533484458923,0.2343972772359848,0.19730042516133667,1128.8404913849238,0.012581586460379282,False
464,443773,4.880733966827393,0.6882514357566833,0.08003932237625122,0.19180868013815472,68.46247328484822,0.0030583166173717316,False
465,444242,5.364486217498779,0.5015220642089844,0.24756735563278198,0.09330770998920151,2731.325554315787,0.00896748087852772,False
466,445191,4.674641132354736,0.34409403800964355,0.2431362122297287,0.4661605122817833,42.37419026417137,0.003690044496681633,False
467,444777,5.2971696853637695,0.238896444439888,0.24636198580265045,0.34774927439979186,3726.538676200089,0.007840840043767896,False
468,444381,5.598130702972412,0.39580026268959045,0.20935387909412384,0.25422449410966463,8049.6950699315785,0.053261227001463914,False
469,444986,4.880382537841797,0.9270008206367493,0.23882730305194855,0.005883945629346549,7518.4960757110475,1.1421552032939546e-33,False
470,443926,5.4285712242126465,0.37828782200813293,0.1004396378993988,0.33762871276571293,804.8973614907106,0.0016870902785133483,False
471,445199,5.155660152435303,0.2569805383682251,0.20358847081661224,0.4186126379301954,913.1791759891889,0.013985893236303892,False
472,444966,7.078703880310059,0.4310876429080963,0.24146123230457306,0.07000831639036295,3341.981797297573,0.010044896902441992,False
473,445201,4.557692527770996,0.030956817790865898,0.09649021923542023,0.15239226145071513,288.4529709300119,0.0012999479033019973,False
474,444885,5.700483322143555,0.46503886580467224,0.30620497465133667,0.12620162674765942,2394.7202265784113,0.010412315892579379,False
475,444009,5.8578200340271,0.87876957654953,0.21118716895580292,0.11997788328663694,2328.0240517652314,0.00226027238843029,False
476,443092,5.504854202270508,0.5187334418296814,0.20236748456954956,0.31336697325831875,4879.296133679437,0.01627396119669777,False
477,444647,6.0607476234436035,0.3923162519931793,0.18787935376167297,0.5248697487343184,1256.0228335828904,0.007382419233000134,False
478,444667,4.7330098152160645,0.4447968602180481,0.3838883936405182,0.11032507877778425,20025.69445064487,0.04741711973201845,False
479,445194,5.56944465637207,0.2445845901966095,0.24244865775108337,0.0,419.72120557663123,0.0038476642735946836,False
480,444271,6.241706371307373,0.2587621808052063,0.19740988314151764,0.15817284332212247,1447.7769809971426,0.0030107976603341463,False
481,445214,5.717703342437744,0.45756736397743225,0.3035895824432373,0.116472194802649,4857.116705741024,0.012772286674358558,False
482,445270,4.971428394317627,0.1846199631690979,0.1749327927827835,0.07035461777235574,475.92319098132043,0.0033504210785078883,False
483,444655,5.834123134613037,0.1046067550778389,0.1761683076620102,0.312346054455289,819.1424038007561,0.0040922497776932415,False
484,443402,5.559808731079102,0.37492650747299194,0.1366678923368454,0.07755336249204026,3655.551142518974,0.015843335957893657,False
485,445339,4.587677955627441,0.3904340863227844,0.19884295761585236,0.3945407618844185,57.41311263703564,0.0023814000206611127,False
486,444941,5.147619247436523,0.45624107122421265,0.28649941086769104,0.0,456.89023264727143,0.005495932167788996,False
487,445263,6.033175468444824,0.2904804050922394,0.20724768936634064,0.10650075370531314,493.11704090170804,0.0031469881983652265,False
488,444281,5.775119781494141,0.4714268147945404,0.3389010429382324,0.41308288486260913,816.1203273883326,0.001976864500012619,False
489,445097,5.029126167297363,0.5318174362182617,0.19463254511356354,0.23241137639075038,680.6893341510164,0.0030994692413276194,False
490,444681,5.85915470123291,0.945849597454071,0.11862437427043915,0.25460329146155425,712.6977043524416,5.175247633185946e-20,False
491,444395,4.897058963775635,0.2615717947483063,0.21203464269638062,0.1933445913353689,491.6352578481527,0.0033979400355454684,False
492,443914,5.278048992156982,0.3160930573940277,0.24062597751617432,0.16170244185688587,9105.483518917625,0.026601725253567788,False
493,445367,6.648401737213135,0.18652154505252838,0.22974997758865356,0.20082893670856983,6578.2631454514885,0.033787618673496556,False
494,444910,5.812206745147705,0.46938619017601013,0.3227711617946625,0.144339524659107,2553.0846754602176,0.008527306140101052,False
495,444102,5.901869297027588,0.8485121726989746,0.3128279149532318,0.11883390986778292,3195.225430338153,1.1421552032939546e-33,False
496,445005,4.765258312225342,0.2793481945991516,0.19187965989112854,0.4238158538284803,471.4248696462143,0.00215653790163649,False
497,445337,5.840579509735107,0.15654675662517548,0.3130103349685669,0.054543304921234305,503.3958500017569,0.003854030606676358,False
498,445070,5.034482955932617,0.4985766112804413,0.2643163502216339,0.08799748825783145,1739.5463146260156,0.01592331096616859,False
499,444995,6.040909290313721,0.45544132590293884,0.25825944542884827,0.053745124953852794,1196.3833573186564,0.00959051218511907,False
500,445046,4.927884578704834,0.6541152596473694,0.2595450282096863,0.37130097181986293,889.4804326048626,0.002493831080173399,False
